ordinal,name,kind,stack_bytes,abi_style,roswell_state,roswell_symbol,hardware_test,hardware_status,cxbx_reference,confidence,complexity,notes
0,Undefined,reserved,,reserved,reserved,,unknown,unknown,yes,unknown,unknown,
1,AvGetSavedDataAddress,function,0,function,mapped,AvGetSavedDataAddress,unknown,unknown,yes,unknown,unknown,
2,AvSendTVEncoderOption,function,16,function,mapped,AvSendTVEncoderOption,unknown,unknown,yes,unknown,unknown,
3,AvSetDisplayMode,function,24,function,mapped,AvSetDisplayMode,unknown,unknown,yes,unknown,unknown,
4,AvSetSavedDataAddress,function,4,function,mapped,AvSetSavedDataAddress,unknown,unknown,yes,unknown,unknown,
5,DbgBreakPoint,function,0,function,mapped,DbgBreakPoint,unknown,unknown,yes,unknown,unknown,
6,DbgBreakPointWithStatus,function,4,function,mapped,DbgBreakPointWithStatus,unknown,unknown,yes,unknown,unknown,
7,DbgLoadImageSymbols,function,12,function,stub,,unknown,unknown,yes,unknown,unknown,
8,DbgPrint,function,,function,mapped,DbgPrint,unknown,unknown,yes,unknown,unknown,
9,HalReadSMCTrayState,function,8,function,mapped,HalReadSMCTrayState,unknown,unknown,yes,unknown,unknown,
10,DbgPrompt,function,12,function,stub,,unknown,unknown,yes,unknown,unknown,
11,DbgUnLoadImageSymbols,function,12,function,stub,,unknown,unknown,yes,unknown,unknown,
12,ExAcquireReadWriteLockExclusive,function,4,function,mapped,ExAcquireReadWriteLockExclusive,unknown,unknown,yes,unknown,unknown,
13,ExAcquireReadWriteLockShared,function,4,function,mapped,ExAcquireReadWriteLockShared,unknown,unknown,yes,unknown,unknown,
14,ExAllocatePool,function,4,function,mapped,XeExAllocatePool,unknown,unknown,yes,unknown,unknown,
15,ExAllocatePoolWithTag,function,8,function,mapped,XeExAllocatePoolWithTag,unknown,unknown,yes,unknown,unknown,
16,ExEventObjectType,data,,data,mapped,XeExEventObjectType,unknown,unknown,yes,unknown,unknown,
17,ExFreePool,function,4,function,mapped,ExFreePool,unknown,unknown,yes,unknown,unknown,
18,ExInitializeReadWriteLock,function,4,function,mapped,ExInitializeReadWriteLock,unknown,unknown,yes,unknown,unknown,
19,ExInterlockedAddLargeInteger,function,16,function,mapped,ExInterlockedAddLargeInteger,unknown,unknown,yes,unknown,unknown,
20,ExInterlockedAddLargeStatistic,function,8,fastcall,mapped,ExInterlockedAddLargeStatistic,unknown,unknown,yes,unknown,unknown,
21,ExInterlockedCompareExchange64,function,12,fastcall,mapped,ExfInterlockedCompareExchange64,unknown,unknown,yes,unknown,unknown,
22,ExMutantObjectType,data,,data,mapped,XeExMutantObjectType,unknown,unknown,yes,unknown,unknown,
23,ExQueryPoolBlockSize,function,4,function,mapped,XeExQueryPoolBlockSize,unknown,unknown,yes,unknown,unknown,
24,ExQueryNonVolatileSetting,function,20,function,mapped,ExQueryNonVolatileSetting,unknown,unknown,yes,unknown,unknown,
25,ExReadWriteRefurbInfo,function,12,function,mapped,ExReadWriteRefurbInfo,unknown,unknown,yes,unknown,unknown,
26,ExRaiseException,function,4,function,mapped,RtlRaiseException,unknown,unknown,yes,unknown,unknown,
27,ExRaiseStatus,function,4,function,mapped,RtlRaiseStatus,unknown,unknown,yes,unknown,unknown,
28,ExReleaseReadWriteLock,function,4,function,mapped,ExReleaseReadWriteLock,unknown,unknown,yes,unknown,unknown,
29,ExSaveNonVolatileSetting,function,16,function,mapped,ExSaveNonVolatileSetting,unknown,unknown,yes,unknown,unknown,
30,ExSemaphoreObjectType,data,,data,mapped,XeExSemaphoreObjectType,unknown,unknown,yes,unknown,unknown,
31,ExTimerObjectType,data,,data,mapped,XeExTimerObjectType,unknown,unknown,yes,unknown,unknown,
32,ExfInterlockedInsertHeadList,function,8,fastcall,mapped,XbExfInterlockedInsertHeadList,unknown,unknown,yes,unknown,unknown,
33,ExfInterlockedInsertTailList,function,8,fastcall,mapped,XbExfInterlockedInsertTailList,unknown,unknown,yes,unknown,unknown,
34,ExfInterlockedRemoveHeadList,function,4,fastcall,mapped,XbExfInterlockedRemoveHeadList,unknown,unknown,yes,unknown,unknown,
35,FscGetCacheSize,function,0,function,mapped,FscGetCacheSize,unknown,unknown,yes,unknown,unknown,
36,FscInvalidateIdleBlocks,function,0,function,mapped,FscInvalidateIdleBlocks,unknown,unknown,yes,unknown,unknown,
37,FscSetCacheSize,function,4,function,mapped,FscSetCacheSize,unknown,unknown,yes,unknown,unknown,
38,HalClearSoftwareInterrupt,function,4,fastcall,mapped,HalClearSoftwareInterrupt,unknown,unknown,yes,unknown,unknown,
39,HalDisableSystemInterrupt,function,4,function,mapped,NxHalDisableSystemInterrupt,unknown,unknown,yes,unknown,unknown,
40,HalDiskCachePartitionCount,data,,data,data-scaffold,=3,unknown,unknown,yes,unknown,unknown,
41,HalDiskModelNumber,data,,data,mapped,HalDiskModelNumber,unknown,unknown,yes,unknown,unknown,
42,HalDiskSerialNumber,data,,data,mapped,HalDiskSerialNumber,unknown,unknown,yes,unknown,unknown,
43,HalEnableSystemInterrupt,function,8,function,mapped,NxHalEnableSystemInterrupt,unknown,unknown,yes,unknown,unknown,
44,HalGetInterruptVector,function,8,function,mapped,XeHalGetInterruptVector,unknown,unknown,yes,unknown,unknown,
45,HalReadSMBusValue,function,16,function,mapped,HalReadSMBusValue,unknown,unknown,yes,unknown,unknown,
46,HalReadWritePCISpace,function,24,function,mapped,HalReadWritePCISpace,unknown,unknown,yes,unknown,unknown,
47,HalRegisterShutdownNotification,function,8,function,mapped,HalRegisterShutdownNotification,unknown,unknown,yes,unknown,unknown,
48,HalRequestSoftwareInterrupt,function,4,fastcall,mapped,HalRequestSoftwareInterrupt,unknown,unknown,yes,unknown,unknown,
49,HalReturnToFirmware,function,4,function,mapped,XeHalReturnToFirmware,unknown,unknown,yes,unknown,unknown,
50,HalWriteSMBusValue,function,16,function,mapped,HalWriteSMBusValue,unknown,unknown,yes,unknown,unknown,
51,InterlockedCompareExchange,function,12,fastcall,mapped,XeInterlockedCompareExchange,unknown,unknown,yes,unknown,unknown,
52,InterlockedDecrement,function,4,fastcall,mapped,XeInterlockedDecrement,unknown,unknown,yes,unknown,unknown,
53,InterlockedIncrement,function,4,fastcall,mapped,XeInterlockedIncrement,unknown,unknown,yes,unknown,unknown,
54,InterlockedExchange,function,8,fastcall,mapped,XeInterlockedExchange,unknown,unknown,yes,unknown,unknown,
55,InterlockedExchangeAdd,function,8,fastcall,mapped,XeInterlockedExchangeAdd,unknown,unknown,yes,unknown,unknown,
56,InterlockedFlushSList,function,4,fastcall,mapped,ExInterlockedFlushSList,unknown,unknown,yes,unknown,unknown,
57,InterlockedPopEntrySList,function,4,fastcall,mapped,XeInterlockedPopEntrySList,unknown,unknown,yes,unknown,unknown,
58,InterlockedPushEntrySList,function,8,fastcall,mapped,XeInterlockedPushEntrySList,unknown,unknown,yes,unknown,unknown,
59,IoAllocateIrp,function,4,function,mapped,XeIoAllocateIrp,unknown,unknown,yes,unknown,unknown,
60,IoBuildAsynchronousFsdRequest,function,24,function,mapped,IoBuildAsynchronousFsdRequest,unknown,unknown,yes,unknown,unknown,
61,IoBuildDeviceIoControlRequest,function,36,function,mapped,IoBuildDeviceIoControlRequest,unknown,unknown,yes,unknown,unknown,
62,IoBuildSynchronousFsdRequest,function,28,function,mapped,IoBuildSynchronousFsdRequest,unknown,unknown,yes,unknown,unknown,
63,IoCheckShareAccess,function,20,function,mapped,IoCheckShareAccess,unknown,unknown,yes,unknown,unknown,
64,IoCompletionObjectType,data,,data,mapped,XeIoCompletionObjectType,unknown,unknown,yes,unknown,unknown,
65,IoCreateDevice,function,24,function,mapped,XeIoCreateDevice,unknown,unknown,yes,unknown,unknown,
66,IoCreateFile,function,40,function,mapped,XeIoCreateFile,unknown,unknown,yes,unknown,unknown,
67,IoCreateSymbolicLink,function,8,function,mapped,XeIoCreateSymbolicLink,unknown,unknown,yes,unknown,unknown,
68,IoDeleteDevice,function,4,function,mapped,IoDeleteDevice,unknown,unknown,yes,unknown,unknown,
69,IoDeleteSymbolicLink,function,4,function,mapped,XeIoDeleteSymbolicLink,unknown,unknown,yes,unknown,unknown,
70,IoDeviceObjectType,data,,data,mapped,XeIoDeviceObjectType,unknown,unknown,yes,unknown,unknown,
71,IoFileObjectType,data,,data,mapped,XeIoFileObjectType,unknown,unknown,yes,unknown,unknown,
72,IoFreeIrp,function,4,function,mapped,IoFreeIrp,unknown,unknown,yes,unknown,unknown,
73,IoInitializeIrp,function,12,function,mapped,IoInitializeIrp,unknown,unknown,yes,unknown,unknown,
74,IoInvalidDeviceRequest,function,8,function,mapped,IoInvalidDeviceRequest,unknown,unknown,yes,unknown,unknown,
75,IoQueryFileInformation,function,20,function,mapped,XeIoQueryFileInformation,unknown,unknown,yes,unknown,unknown,
76,IoQueryVolumeInformation,function,20,function,mapped,XeIoQueryVolumeInformation,unknown,unknown,yes,unknown,unknown,
77,IoQueueThreadIrp,function,4,function,mapped,IoQueueThreadIrp,unknown,unknown,yes,unknown,unknown,
78,IoRemoveShareAccess,function,8,function,mapped,IoRemoveShareAccess,unknown,unknown,yes,unknown,unknown,
79,IoSetIoCompletion,function,20,function,mapped,XeIoSetIoCompletion,unknown,unknown,yes,unknown,unknown,
80,IoSetShareAccess,function,16,function,mapped,IoSetShareAccess,unknown,unknown,yes,unknown,unknown,
81,IoStartNextPacket,function,4,function,mapped,XeIoStartNextPacket,unknown,unknown,yes,unknown,unknown,
82,IoStartNextPacketByKey,function,8,function,mapped,XeIoStartNextPacketByKey,unknown,unknown,yes,unknown,unknown,
83,IoStartPacket,function,12,function,mapped,XeIoStartPacket,unknown,unknown,yes,unknown,unknown,
84,IoSynchronousDeviceIoControlRequest,function,32,function,mapped,XeIoSynchronousDeviceIoControlRequest,unknown,unknown,yes,unknown,unknown,
85,IoSynchronousFsdRequest,function,20,function,mapped,XeIoSynchronousFsdRequest,unknown,unknown,yes,unknown,unknown,
86,IofCallDriver,function,8,fastcall,mapped,IofCallDriver,unknown,unknown,yes,unknown,unknown,
87,IofCompleteRequest,function,8,fastcall,mapped,IofCompleteRequest,unknown,unknown,yes,unknown,unknown,
88,KdDebuggerEnabled,data,,data,data-scaffold,=1,unknown,unknown,yes,unknown,unknown,
89,KdDebuggerNotPresent,data,,data,data-scaffold,=1,unknown,unknown,yes,unknown,unknown,
90,IoDismountVolume,function,4,function,mapped,XeIoDismountVolume,unknown,unknown,yes,unknown,unknown,
91,IoDismountVolumeByName,function,4,function,mapped,XeIoDismountVolumeByName,unknown,unknown,yes,unknown,unknown,
92,KeAlertResumeThread,function,4,function,mapped,KeAlertResumeThread,unknown,unknown,yes,unknown,unknown,
93,KeAlertThread,function,8,function,mapped,KeAlertThread,unknown,unknown,yes,unknown,unknown,
94,KeBoostPriorityThread,function,8,function,mapped,KeBoostPriorityThread,unknown,unknown,yes,unknown,unknown,
95,KeBugCheck,function,4,function,mapped,KeBugCheck,unknown,unknown,yes,unknown,unknown,
96,KeBugCheckEx,function,20,function,mapped,KeBugCheckEx,unknown,unknown,yes,unknown,unknown,
97,KeCancelTimer,function,4,function,mapped,KeCancelTimer,unknown,unknown,yes,unknown,unknown,
98,KeConnectInterrupt,function,4,function,mapped,XeKeConnectInterrupt,unknown,unknown,yes,unknown,unknown,
99,KeDelayExecutionThread,function,12,function,mapped,KeDelayExecutionThread,unknown,unknown,yes,unknown,unknown,
100,KeDisconnectInterrupt,function,4,function,mapped,XeKeDisconnectInterrupt,unknown,unknown,yes,unknown,unknown,
101,KeEnterCriticalRegion,function,0,function,mapped,KeEnterCriticalRegion,unknown,unknown,yes,unknown,unknown,
102,MmGlobalData,data,,data,mapped,MmGlobalData,unknown,unknown,yes,unknown,unknown,
103,KeGetCurrentIrql,function,0,function,mapped,KeGetCurrentIrql,unknown,unknown,yes,unknown,unknown,
104,KeGetCurrentThread,function,0,function,mapped,XeKeGetCurrentThread,unknown,unknown,yes,unknown,unknown,
105,KeInitializeApc,function,28,function,mapped,XeKeInitializeApc,unknown,unknown,yes,unknown,unknown,
106,KeInitializeDeviceQueue,function,4,function,mapped,KeInitializeDeviceQueue,unknown,unknown,yes,unknown,unknown,
107,KeInitializeDpc,function,12,function,mapped,KeInitializeDpc,unknown,unknown,yes,unknown,unknown,
108,KeInitializeEvent,function,12,function,mapped,KeInitializeEvent,unknown,unknown,yes,unknown,unknown,
109,KeInitializeInterrupt,function,28,function,mapped,XeKeInitializeInterrupt,unknown,unknown,yes,unknown,unknown,
110,KeInitializeMutant,function,8,function,mapped,KeInitializeMutant,unknown,unknown,yes,unknown,unknown,
111,KeInitializeQueue,function,8,function,mapped,KeInitializeQueue,unknown,unknown,yes,unknown,unknown,
112,KeInitializeSemaphore,function,12,function,mapped,KeInitializeSemaphore,unknown,unknown,yes,unknown,unknown,
113,KeInitializeTimerEx,function,8,function,mapped,KeInitializeTimerEx,unknown,unknown,yes,unknown,unknown,
114,KeInsertByKeyDeviceQueue,function,12,function,mapped,KeInsertByKeyDeviceQueue,unknown,unknown,yes,unknown,unknown,
115,KeInsertDeviceQueue,function,8,function,mapped,KeInsertDeviceQueue,unknown,unknown,yes,unknown,unknown,
116,KeInsertHeadQueue,function,8,function,mapped,KeInsertHeadQueue,unknown,unknown,yes,unknown,unknown,
117,KeInsertQueue,function,8,function,mapped,KeInsertQueue,unknown,unknown,yes,unknown,unknown,
118,KeInsertQueueApc,function,16,function,mapped,XeKeInsertQueueApc,unknown,unknown,yes,unknown,unknown,
119,KeInsertQueueDpc,function,12,function,mapped,KeInsertQueueDpc,unknown,unknown,yes,unknown,unknown,
120,KeInterruptTime,data,,data,mapped,KeInterruptTime,unknown,unknown,yes,unknown,unknown,
121,KeIsExecutingDpc,function,0,function,mapped,KeIsExecutingDpc,unknown,unknown,yes,unknown,unknown,
122,KeLeaveCriticalRegion,function,0,function,mapped,KeLeaveCriticalRegion,unknown,unknown,yes,unknown,unknown,
123,KePulseEvent,function,12,function,mapped,KePulseEvent,unknown,unknown,yes,unknown,unknown,
124,KeQueryBasePriorityThread,function,4,function,mapped,KeQueryBasePriorityThread,unknown,unknown,yes,unknown,unknown,
125,KeQueryInterruptTime,function,0,function,mapped,XeKeQueryInterruptTime,unknown,unknown,yes,unknown,unknown,
126,KeQueryPerformanceCounter,function,0,function,mapped,XeKeQueryPerformanceCounter,unknown,unknown,yes,unknown,unknown,
127,KeQueryPerformanceFrequency,function,0,function,mapped,KeQueryPerformanceFrequency,unknown,unknown,yes,unknown,unknown,
128,KeQuerySystemTime,function,4,function,mapped,KeQuerySystemTime,unknown,unknown,yes,unknown,unknown,
129,KeRaiseIrqlToDpcLevel,function,0,function,mapped,KeRaiseIrqlToDpcLevel,unknown,unknown,yes,unknown,unknown,
130,KeRaiseIrqlToSynchLevel,function,0,function,mapped,KeRaiseIrqlToSynchLevel,unknown,unknown,yes,unknown,unknown,
131,KeReleaseMutant,function,16,function,mapped,KeReleaseMutant,unknown,unknown,yes,unknown,unknown,
132,KeReleaseSemaphore,function,16,function,mapped,KeReleaseSemaphore,unknown,unknown,yes,unknown,unknown,
133,KeRemoveByKeyDeviceQueue,function,8,function,mapped,KeRemoveByKeyDeviceQueue,unknown,unknown,yes,unknown,unknown,
134,KeRemoveDeviceQueue,function,4,function,mapped,KeRemoveDeviceQueue,unknown,unknown,yes,unknown,unknown,
135,KeRemoveEntryDeviceQueue,function,8,function,mapped,KeRemoveEntryDeviceQueue,unknown,unknown,yes,unknown,unknown,
136,KeRemoveQueue,function,12,function,mapped,KeRemoveQueue,unknown,unknown,yes,unknown,unknown,
137,KeRemoveQueueDpc,function,4,function,mapped,KeRemoveQueueDpc,unknown,unknown,yes,unknown,unknown,
138,KeResetEvent,function,4,function,mapped,KeResetEvent,unknown,unknown,yes,unknown,unknown,
139,KeRestoreFloatingPointState,function,4,function,mapped,KeRestoreFloatingPointState,unknown,unknown,yes,unknown,unknown,
140,KeResumeThread,function,4,function,mapped,KeResumeThread,unknown,unknown,yes,unknown,unknown,
141,KeRundownQueue,function,4,function,mapped,KeRundownQueue,unknown,unknown,yes,unknown,unknown,
142,KeSaveFloatingPointState,function,4,function,mapped,KeSaveFloatingPointState,unknown,unknown,yes,unknown,unknown,
143,KeSetBasePriorityThread,function,8,function,mapped,KeSetBasePriorityThread,unknown,unknown,yes,unknown,unknown,
144,KeSetDisableBoostThread,function,8,function,mapped,KeSetDisableBoostThread,unknown,unknown,yes,unknown,unknown,
145,KeSetEvent,function,12,function,mapped,KeSetEvent,unknown,unknown,yes,unknown,unknown,
146,KeSetEventBoostPriority,function,8,function,mapped,KeSetEventBoostPriority,unknown,unknown,yes,unknown,unknown,
147,KeSetPriorityProcess,function,8,function,mapped,KeSetPriorityProcess,unknown,unknown,yes,unknown,unknown,
148,KeSetPriorityThread,function,8,function,mapped,KeSetPriorityThread,unknown,unknown,yes,unknown,unknown,
149,KeSetTimer,function,16,function,mapped,KeSetTimer,unknown,unknown,yes,unknown,unknown,
150,KeSetTimerEx,function,20,function,mapped,KeSetTimerEx,unknown,unknown,yes,unknown,unknown,
151,KeStallExecutionProcessor,function,4,function,mapped,KeStallExecutionProcessor,unknown,unknown,yes,unknown,unknown,
152,KeSuspendThread,function,4,function,mapped,KeSuspendThread,unknown,unknown,yes,unknown,unknown,
153,KeSynchronizeExecution,function,12,function,mapped,XeKeSynchronizeExecution,unknown,unknown,yes,unknown,unknown,
154,KeSystemTime,data,,data,mapped,KeSystemTime,unknown,unknown,yes,unknown,unknown,
155,KeTestAlertThread,function,4,function,mapped,KeTestAlertThread,unknown,unknown,yes,unknown,unknown,
156,KeTickCount,data,,data,mapped,KeTickCount,unknown,unknown,yes,unknown,unknown,
157,KeTimeIncrement,data,,data,mapped,KeTimeIncrement,unknown,unknown,yes,unknown,unknown,
158,KeWaitForMultipleObjects,function,32,function,mapped,KeWaitForMultipleObjects,unknown,unknown,yes,unknown,unknown,
159,KeWaitForSingleObject,function,20,function,mapped,KeWaitForSingleObject,unknown,unknown,yes,unknown,unknown,
160,KfRaiseIrql,function,4,fastcall,mapped,KfRaiseIrql,unknown,unknown,yes,unknown,unknown,
161,KfLowerIrql,function,4,fastcall,mapped,KfLowerIrql,unknown,unknown,yes,unknown,unknown,
162,KiBugCheckData,data,,data,mapped,KiBugCheckData,unknown,unknown,yes,unknown,unknown,
163,KiUnlockDispatcherDatabase,function,4,fastcall,mapped,KiExitDispatcher,unknown,unknown,yes,unknown,unknown,
164,LaunchDataPage,data,,data,mapped,LaunchDataPage,unknown,unknown,yes,unknown,unknown,
165,MmAllocateContiguousMemory,function,4,function,mapped,NxMmAllocateContiguousMemory,unknown,unknown,yes,unknown,unknown,
166,MmAllocateContiguousMemoryEx,function,20,function,mapped,NxMmAllocateContiguousMemoryEx,unknown,unknown,yes,unknown,unknown,
167,MmAllocateSystemMemory,function,8,function,mapped,MmAllocateSystemMemory,unknown,unknown,yes,unknown,unknown,
168,MmClaimGpuInstanceMemory,function,8,function,mapped,NxMmClaimGpuInstanceMemory,unknown,unknown,yes,unknown,unknown,
169,MmCreateKernelStack,function,8,function,mapped,NxMmCreateKernelStack,unknown,unknown,yes,unknown,unknown,
170,MmDeleteKernelStack,function,8,function,mapped,NxMmDeleteKernelStack,unknown,unknown,yes,unknown,unknown,
171,MmFreeContiguousMemory,function,4,function,mapped,NxMmFreeContiguousMemory,unknown,unknown,yes,unknown,unknown,
172,MmFreeSystemMemory,function,8,function,mapped,MmFreeSystemMemory,unknown,unknown,yes,unknown,unknown,
173,MmGetPhysicalAddress,function,4,function,mapped,NxMmGetPhysicalAddress,unknown,unknown,yes,unknown,unknown,
174,MmIsAddressValid,function,4,function,mapped,NxMmIsAddressValid,unknown,unknown,yes,unknown,unknown,
175,MmLockUnlockBufferPages,function,12,function,mapped,MmLockUnlockBufferPages,unknown,unknown,yes,unknown,unknown,
176,MmLockUnlockPhysicalPage,function,8,function,mapped,MmLockUnlockPhysicalPage,unknown,unknown,yes,unknown,unknown,
177,MmMapIoSpace,function,12,function,mapped,NxMmMapIoSpace,unknown,unknown,yes,unknown,unknown,
178,MmPersistContiguousMemory,function,12,function,mapped,NxMmPersistContiguousMemory,unknown,unknown,yes,unknown,unknown,
179,MmQueryAddressProtect,function,4,function,mapped,MmQueryAddressProtect,unknown,unknown,yes,unknown,unknown,
180,MmQueryAllocationSize,function,4,function,mapped,NxMmQueryAllocationSize,unknown,unknown,yes,unknown,unknown,
181,MmQueryStatistics,function,4,function,mapped,MmQueryStatistics,unknown,unknown,yes,unknown,unknown,
182,MmSetAddressProtect,function,12,function,mapped,NxMmSetAddressProtect,unknown,unknown,yes,unknown,unknown,
183,MmUnmapIoSpace,function,8,function,mapped,NxMmUnmapIoSpace,unknown,unknown,yes,unknown,unknown,
184,NtAllocateVirtualMemory,function,20,function,mapped,XeNtAllocateVirtualMemory,unknown,unknown,yes,unknown,unknown,
185,NtCancelTimer,function,8,function,mapped,NtCancelTimer,unknown,unknown,yes,unknown,unknown,
186,NtClearEvent,function,4,function,mapped,NtClearEvent,unknown,unknown,yes,unknown,unknown,
187,NtClose,function,4,function,mapped,NtClose,unknown,unknown,yes,unknown,unknown,
188,NtCreateDirectoryObject,function,8,function,mapped,XeNtCreateDirectoryObject,unknown,unknown,yes,unknown,unknown,
189,NtCreateEvent,function,16,function,mapped,XeNtCreateEvent,unknown,unknown,yes,unknown,unknown,
190,NtCreateFile,function,36,function,mapped,XeNtCreateFile,unknown,unknown,yes,unknown,unknown,
191,NtCreateIoCompletion,function,16,function,mapped,XeNtCreateIoCompletion,unknown,unknown,yes,unknown,unknown,
192,NtCreateMutant,function,12,function,mapped,XeNtCreateMutant,unknown,unknown,yes,unknown,unknown,
193,NtCreateSemaphore,function,16,function,mapped,XeNtCreateSemaphore,unknown,unknown,yes,unknown,unknown,
194,NtCreateTimer,function,12,function,mapped,XeNtCreateTimer,unknown,unknown,yes,unknown,unknown,
195,NtDeleteFile,function,4,function,mapped,XeNtDeleteFile,unknown,unknown,yes,unknown,unknown,
196,NtDeviceIoControlFile,function,40,function,mapped,NtDeviceIoControlFile,unknown,unknown,yes,unknown,unknown,
197,NtDuplicateObject,function,12,function,mapped,XeNtDuplicateObject,unknown,unknown,yes,unknown,unknown,
198,NtFlushBuffersFile,function,8,function,mapped,NtFlushBuffersFile,unknown,unknown,yes,unknown,unknown,
199,NtFreeVirtualMemory,function,12,function,mapped,XeNtFreeVirtualMemory,unknown,unknown,yes,unknown,unknown,
200,NtFsControlFile,function,40,function,mapped,XeNtFsControlFile,unknown,unknown,yes,unknown,unknown,
201,NtOpenDirectoryObject,function,8,function,mapped,XeNtOpenDirectoryObject,unknown,unknown,yes,unknown,unknown,
202,NtOpenFile,function,24,function,mapped,XeNtOpenFile,unknown,unknown,yes,unknown,unknown,
203,NtOpenSymbolicLinkObject,function,8,function,mapped,XeNtOpenSymbolicLinkObject,unknown,unknown,yes,unknown,unknown,
204,NtProtectVirtualMemory,function,16,function,mapped,XeNtProtectVirtualMemory,unknown,unknown,yes,unknown,unknown,
205,NtPulseEvent,function,8,function,mapped,XeNtPulseEvent,unknown,unknown,yes,unknown,unknown,
206,NtQueueApcThread,function,20,function,mapped,NtQueueApcThread,unknown,unknown,yes,unknown,unknown,
207,NtQueryDirectoryFile,function,40,function,mapped,XeNtQueryDirectoryFile,unknown,unknown,yes,unknown,unknown,
208,NtQueryDirectoryObject,function,24,function,mapped,XeNtQueryDirectoryObject,unknown,unknown,yes,unknown,unknown,
209,NtQueryEvent,function,8,function,mapped,XeNtQueryEvent,unknown,unknown,yes,unknown,unknown,
210,NtQueryFullAttributesFile,function,8,function,mapped,XeNtQueryFullAttributesFile,unknown,unknown,yes,unknown,unknown,
211,NtQueryInformationFile,function,20,function,mapped,NtQueryInformationFile,unknown,unknown,yes,unknown,unknown,
212,NtQueryIoCompletion,function,8,function,mapped,XeNtQueryIoCompletion,unknown,unknown,yes,unknown,unknown,
213,NtQueryMutant,function,8,function,mapped,XeNtQueryMutant,unknown,unknown,yes,unknown,unknown,
214,NtQuerySemaphore,function,8,function,mapped,XeNtQuerySemaphore,unknown,unknown,yes,unknown,unknown,
215,NtQuerySymbolicLinkObject,function,12,function,mapped,XeNtQuerySymbolicLinkObject,unknown,unknown,yes,unknown,unknown,
216,NtQueryTimer,function,8,function,mapped,XeNtQueryTimer,unknown,unknown,yes,unknown,unknown,
217,NtQueryVirtualMemory,function,8,function,mapped,XeNtQueryVirtualMemory,unknown,unknown,yes,unknown,unknown,
218,NtQueryVolumeInformationFile,function,20,function,mapped,NtQueryVolumeInformationFile,unknown,unknown,yes,unknown,unknown,
219,NtReadFile,function,32,function,mapped,XeNtReadFile,unknown,unknown,yes,unknown,unknown,
220,NtReadFileScatter,function,32,function,mapped,XeNtReadFileScatter,unknown,unknown,yes,unknown,unknown,
221,NtReleaseMutant,function,8,function,mapped,XeNtReleaseMutant,unknown,unknown,yes,unknown,unknown,
222,NtReleaseSemaphore,function,12,function,mapped,NtReleaseSemaphore,unknown,unknown,yes,unknown,unknown,
223,NtRemoveIoCompletion,function,20,function,mapped,NtRemoveIoCompletion,unknown,unknown,yes,unknown,unknown,
224,NtResumeThread,function,8,function,mapped,NtResumeThread,unknown,unknown,yes,unknown,unknown,
225,NtSetEvent,function,8,function,mapped,NtSetEvent,unknown,unknown,yes,unknown,unknown,
226,NtSetInformationFile,function,20,function,mapped,XeNtSetInformationFile,unknown,unknown,yes,unknown,unknown,
227,NtSetIoCompletion,function,20,function,mapped,NtSetIoCompletion,unknown,unknown,yes,unknown,unknown,
228,NtSetSystemTime,function,8,function,mapped,NtSetSystemTime,unknown,unknown,yes,unknown,unknown,
229,NtSetTimerEx,function,32,function,mapped,XeNtSetTimerEx,unknown,unknown,yes,unknown,unknown,
230,NtSignalAndWaitForSingleObjectEx,function,20,function,mapped,NtSignalAndWaitForSingleObjectEx,unknown,unknown,yes,unknown,unknown,
231,NtSuspendThread,function,8,function,mapped,NtSuspendThread,unknown,unknown,yes,unknown,unknown,
232,NtUserIoApcDispatcher,function,12,function,mapped,NtUserIoApcDispatcher,unknown,unknown,yes,unknown,unknown,
233,NtWaitForSingleObject,function,12,function,mapped,NtWaitForSingleObject,unknown,unknown,yes,unknown,unknown,
234,NtWaitForSingleObjectEx,function,16,function,mapped,NtWaitForSingleObjectEx,unknown,unknown,yes,unknown,unknown,
235,NtWaitForMultipleObjectsEx,function,24,function,mapped,NtWaitForMultipleObjectsEx,unknown,unknown,yes,unknown,unknown,
236,NtWriteFile,function,32,function,mapped,XeNtWriteFile,unknown,unknown,yes,unknown,unknown,
237,NtWriteFileGather,function,32,function,mapped,XeNtWriteFileGather,unknown,unknown,yes,unknown,unknown,
238,NtYieldExecution,function,0,function,mapped,NtYieldExecution,unknown,unknown,yes,unknown,unknown,
239,ObCreateObject,function,16,function,mapped,XeObCreateObject,unknown,unknown,yes,unknown,unknown,
240,ObDirectoryObjectType,data,,data,mapped,XeObDirectoryObjectType,unknown,unknown,yes,unknown,unknown,
241,ObInsertObject,function,16,function,mapped,XeObInsertObject,unknown,unknown,yes,unknown,unknown,
242,ObMakeTemporaryObject,function,4,function,mapped,XeObMakeTemporaryObject,unknown,unknown,yes,unknown,unknown,
243,ObOpenObjectByName,function,16,function,mapped,XeObOpenObjectByName,unknown,unknown,yes,unknown,unknown,
244,ObOpenObjectByPointer,function,12,function,mapped,XeObOpenObjectByPointer,unknown,unknown,yes,unknown,unknown,
245,ObpObjectHandleTable,data,,data,mapped,ObpObjectHandleTable,unknown,unknown,yes,unknown,unknown,
246,ObReferenceObjectByHandle,function,12,function,mapped,XeObReferenceObjectByHandle,unknown,unknown,yes,unknown,unknown,
247,ObReferenceObjectByName,function,20,function,mapped,XeObReferenceObjectByName,unknown,unknown,yes,unknown,unknown,
248,ObReferenceObjectByPointer,function,8,function,mapped,XeObReferenceObjectByPointer,unknown,unknown,yes,unknown,unknown,
249,ObSymbolicLinkObjectType,data,,data,mapped,XeObSymbolicLinkObjectType,unknown,unknown,yes,unknown,unknown,
250,ObfDereferenceObject,function,4,fastcall,mapped,XeObfDereferenceObject,unknown,unknown,yes,unknown,unknown,
251,ObfReferenceObject,function,4,fastcall,mapped,XeObfReferenceObject,unknown,unknown,yes,unknown,unknown,
252,PhyGetLinkState,function,4,function,mapped,NxPhyGetLinkState,unknown,unknown,yes,unknown,unknown,
253,PhyInitialize,function,8,function,mapped,NxPhyInitialize,unknown,unknown,yes,unknown,unknown,
254,PsCreateSystemThread,function,20,function,mapped,XePsCreateSystemThread,unknown,unknown,yes,unknown,unknown,
255,PsCreateSystemThreadEx,function,40,function,mapped,XePsCreateSystemThreadEx,unknown,unknown,yes,unknown,unknown,
256,PsQueryStatistics,function,4,function,mapped,XePsQueryStatistics,unknown,unknown,yes,unknown,unknown,
257,PsSetCreateThreadNotifyRoutine,function,4,function,mapped,PsSetCreateThreadNotifyRoutine,unknown,unknown,yes,unknown,unknown,
258,PsTerminateSystemThread,function,4,function,mapped,PsTerminateSystemThread,unknown,unknown,yes,unknown,unknown,
259,PsThreadObjectType,data,,data,mapped,XePsThreadObjectType,unknown,unknown,yes,unknown,unknown,
260,RtlAnsiStringToUnicodeString,function,12,function,mapped,RtlAnsiStringToUnicodeString,unknown,unknown,yes,unknown,unknown,
261,RtlAppendStringToString,function,8,function,mapped,RtlAppendStringToString,unknown,unknown,yes,unknown,unknown,
262,RtlAppendUnicodeStringToString,function,8,function,mapped,RtlAppendUnicodeStringToString,unknown,unknown,yes,unknown,unknown,
263,RtlAppendUnicodeToString,function,8,function,mapped,RtlAppendUnicodeToString,unknown,unknown,yes,unknown,unknown,
264,RtlAssert,function,16,function,mapped,XeRtlAssert,unknown,unknown,yes,unknown,unknown,
265,RtlCaptureContext,function,4,function,mapped,XeRtlCaptureContext,unknown,unknown,yes,unknown,unknown,
266,RtlCaptureStackBackTrace,function,16,function,mapped,RtlCaptureStackBackTrace,unknown,unknown,yes,unknown,unknown,
267,RtlCharToInteger,function,12,function,mapped,RtlCharToInteger,unknown,unknown,yes,unknown,unknown,
268,RtlCompareMemory,function,12,function,mapped,RtlCompareMemory,unknown,unknown,yes,unknown,unknown,
269,RtlCompareMemoryUlong,function,12,function,mapped,RtlCompareMemoryUlong,unknown,unknown,yes,unknown,unknown,
270,RtlCompareString,function,12,function,mapped,RtlCompareString,unknown,unknown,yes,unknown,unknown,
271,RtlCompareUnicodeString,function,12,function,mapped,RtlCompareUnicodeString,unknown,unknown,yes,unknown,unknown,
272,RtlCopyString,function,8,function,mapped,RtlCopyString,unknown,unknown,yes,unknown,unknown,
273,RtlCopyUnicodeString,function,8,function,mapped,RtlCopyUnicodeString,unknown,unknown,yes,unknown,unknown,
274,RtlCreateUnicodeString,function,8,function,mapped,RtlCreateUnicodeString,unknown,unknown,yes,unknown,unknown,
275,RtlDowncaseUnicodeChar,function,4,function,mapped,RtlDowncaseUnicodeChar,unknown,unknown,yes,unknown,unknown,
276,RtlDowncaseUnicodeString,function,12,function,mapped,RtlDowncaseUnicodeString,unknown,unknown,yes,unknown,unknown,
277,RtlEnterCriticalSection,function,4,function,mapped,XeRtlEnterCriticalSection,unknown,unknown,yes,unknown,unknown,
278,RtlEnterCriticalSectionAndRegion,function,4,function,mapped,XeRtlEnterCriticalSectionAndRegion,unknown,unknown,yes,unknown,unknown,
279,RtlEqualString,function,12,function,mapped,RtlEqualString,unknown,unknown,yes,unknown,unknown,
280,RtlEqualUnicodeString,function,12,function,mapped,RtlEqualUnicodeString,unknown,unknown,yes,unknown,unknown,
281,RtlExtendedIntegerMultiply,function,12,function,mapped,RtlExtendedIntegerMultiply,unknown,unknown,yes,unknown,unknown,
282,RtlExtendedLargeIntegerDivide,function,16,function,mapped,RtlExtendedLargeIntegerDivide,unknown,unknown,yes,unknown,unknown,
283,RtlExtendedMagicDivide,function,20,function,mapped,RtlExtendedMagicDivide,unknown,unknown,yes,unknown,unknown,
284,RtlFillMemory,function,12,function,mapped,RtlFillMemory,unknown,unknown,yes,unknown,unknown,
285,RtlFillMemoryUlong,function,12,function,mapped,RtlFillMemoryUlong,unknown,unknown,yes,unknown,unknown,
286,RtlFreeAnsiString,function,4,function,mapped,RtlFreeAnsiString,unknown,unknown,yes,unknown,unknown,
287,RtlFreeUnicodeString,function,4,function,mapped,RtlFreeUnicodeString,unknown,unknown,yes,unknown,unknown,
288,RtlGetCallersAddress,function,8,function,mapped,RtlGetCallersAddress,unknown,unknown,yes,unknown,unknown,
289,RtlInitAnsiString,function,8,function,mapped,RtlInitAnsiString,unknown,unknown,yes,unknown,unknown,
290,RtlInitUnicodeString,function,8,function,mapped,RtlInitUnicodeString,unknown,unknown,yes,unknown,unknown,
291,RtlInitializeCriticalSection,function,4,function,mapped,XeRtlInitializeCriticalSection,unknown,unknown,yes,unknown,unknown,
292,RtlIntegerToChar,function,16,function,mapped,RtlIntegerToChar,unknown,unknown,yes,unknown,unknown,
293,RtlIntegerToUnicodeString,function,12,function,mapped,RtlIntegerToUnicodeString,unknown,unknown,yes,unknown,unknown,
294,RtlLeaveCriticalSection,function,4,function,mapped,XeRtlLeaveCriticalSection,unknown,unknown,yes,unknown,unknown,
295,RtlLeaveCriticalSectionAndRegion,function,4,function,mapped,XeRtlLeaveCriticalSectionAndRegion,unknown,unknown,yes,unknown,unknown,
296,RtlLowerChar,function,4,function,mapped,RtlLowerChar,unknown,unknown,yes,unknown,unknown,
297,RtlMapGenericMask,function,8,function,mapped,RtlMapGenericMask,unknown,unknown,yes,unknown,unknown,
298,RtlMoveMemory,function,12,function,mapped,RtlMoveMemory,unknown,unknown,yes,unknown,unknown,
299,RtlMultiByteToUnicodeN,function,20,function,mapped,RtlMultiByteToUnicodeN,unknown,unknown,yes,unknown,unknown,
300,RtlMultiByteToUnicodeSize,function,12,function,mapped,RtlMultiByteToUnicodeSize,unknown,unknown,yes,unknown,unknown,
301,RtlNtStatusToDosError,function,4,function,mapped,RtlNtStatusToDosError,unknown,unknown,yes,unknown,unknown,
302,RtlRaiseException,function,4,function,mapped,RtlRaiseException,unknown,unknown,yes,unknown,unknown,
303,RtlRaiseStatus,function,4,function,mapped,RtlRaiseStatus,unknown,unknown,yes,unknown,unknown,
304,RtlTimeFieldsToTime,function,8,function,mapped,RtlTimeFieldsToTime,unknown,unknown,yes,unknown,unknown,
305,RtlTimeToTimeFields,function,8,function,mapped,RtlTimeToTimeFields,unknown,unknown,yes,unknown,unknown,
306,RtlTryEnterCriticalSection,function,4,function,mapped,XeRtlTryEnterCriticalSection,unknown,unknown,yes,unknown,unknown,
307,RtlUlongByteSwap,function,4,fastcall,mapped,RtlUlongByteSwap,unknown,unknown,yes,unknown,unknown,
308,RtlUnicodeStringToAnsiString,function,12,function,mapped,RtlUnicodeStringToAnsiString,unknown,unknown,yes,unknown,unknown,
309,RtlUnicodeStringToInteger,function,12,function,mapped,RtlUnicodeStringToInteger,unknown,unknown,yes,unknown,unknown,
310,RtlUnicodeToMultiByteN,function,20,function,mapped,RtlUnicodeToMultiByteN,unknown,unknown,yes,unknown,unknown,
311,RtlUnicodeToMultiByteSize,function,12,function,mapped,RtlUnicodeToMultiByteSize,unknown,unknown,yes,unknown,unknown,
312,RtlUnwind,function,16,function,mapped,RtlUnwind,unknown,unknown,yes,unknown,unknown,
313,RtlUpcaseUnicodeChar,function,4,function,mapped,RtlUpcaseUnicodeChar,unknown,unknown,yes,unknown,unknown,
314,RtlUpcaseUnicodeString,function,12,function,mapped,RtlUpcaseUnicodeString,unknown,unknown,yes,unknown,unknown,
315,RtlUpcaseUnicodeToMultiByteN,function,20,function,mapped,RtlUpcaseUnicodeToMultiByteN,unknown,unknown,yes,unknown,unknown,
316,RtlUpperChar,function,4,function,mapped,RtlUpperChar,unknown,unknown,yes,unknown,unknown,
317,RtlUpperString,function,8,function,mapped,RtlUpperString,unknown,unknown,yes,unknown,unknown,
318,RtlUshortByteSwap,function,4,fastcall,mapped,RtlUshortByteSwap,unknown,unknown,yes,unknown,unknown,
319,RtlWalkFrameChain,function,12,function,mapped,RtlWalkFrameChain,unknown,unknown,yes,unknown,unknown,
320,RtlZeroMemory,function,8,function,mapped,RtlZeroMemory,unknown,unknown,yes,unknown,unknown,
321,XboxEEPROMKey,data,,data,mapped,XboxEEPROMKey,unknown,unknown,yes,unknown,unknown,
322,XboxHardwareInfo,data,,data,mapped,XboxHardwareInfo,unknown,unknown,yes,unknown,unknown,
323,XboxHDKey,data,,data,mapped,XboxHDKey,unknown,unknown,yes,unknown,unknown,
324,XboxKrnlVersion,data,,data,mapped,XboxKrnlVersion,unknown,unknown,yes,unknown,unknown,
325,XboxSignatureKey,data,,data,mapped,XboxSignatureKey,unknown,unknown,yes,unknown,unknown,
326,XeImageFileName,data,,data,mapped,XeImageFileName,unknown,unknown,yes,unknown,unknown,
327,XeLoadSection,function,4,function,mapped,XeLoadSection,unknown,unknown,yes,unknown,unknown,
328,XeUnloadSection,function,4,function,mapped,XeUnloadSection,unknown,unknown,yes,unknown,unknown,
329,READ_PORT_BUFFER_UCHAR,function,12,function,mapped,READ_PORT_BUFFER_UCHAR,unknown,unknown,yes,unknown,unknown,
330,READ_PORT_BUFFER_USHORT,function,12,function,mapped,READ_PORT_BUFFER_USHORT,unknown,unknown,yes,unknown,unknown,
331,READ_PORT_BUFFER_ULONG,function,12,function,mapped,READ_PORT_BUFFER_ULONG,unknown,unknown,yes,unknown,unknown,
332,WRITE_PORT_BUFFER_UCHAR,function,12,function,mapped,WRITE_PORT_BUFFER_UCHAR,unknown,unknown,yes,unknown,unknown,
333,WRITE_PORT_BUFFER_USHORT,function,12,function,mapped,WRITE_PORT_BUFFER_USHORT,unknown,unknown,yes,unknown,unknown,
334,WRITE_PORT_BUFFER_ULONG,function,12,function,mapped,WRITE_PORT_BUFFER_ULONG,unknown,unknown,yes,unknown,unknown,
335,XcSHAInit,function,4,function,mapped,XcSHAInit,unknown,unknown,yes,unknown,unknown,
336,XcSHAUpdate,function,12,function,mapped,XcSHAUpdate,unknown,unknown,yes,unknown,unknown,
337,XcSHAFinal,function,8,function,mapped,XcSHAFinal,unknown,unknown,yes,unknown,unknown,
338,XcRC4Key,function,12,function,mapped,XcRC4Key,unknown,unknown,yes,unknown,unknown,
339,XcRC4Crypt,function,12,function,mapped,XcRC4Crypt,unknown,unknown,yes,unknown,unknown,
340,XcHMAC,function,28,function,mapped,XcHMAC,unknown,unknown,yes,unknown,unknown,
341,XcPKEncPublic,function,12,function,mapped,XcPKEncPublic,unknown,unknown,yes,unknown,unknown,
342,XcPKDecPrivate,function,12,function,mapped,XcPKDecPrivate,unknown,unknown,yes,unknown,unknown,
343,XcPKGetKeyLen,function,4,function,mapped,XcPKGetKeyLen,unknown,unknown,yes,unknown,unknown,
344,XcVerifyPKCS1Signature,function,12,function,mapped,XcVerifyPKCS1Signature,unknown,unknown,yes,unknown,unknown,
345,XcModExp,function,20,function,mapped,XcModExp,unknown,unknown,yes,unknown,unknown,
346,XcDESKeyParity,function,8,function,mapped,XcDESKeyParity,unknown,unknown,yes,unknown,unknown,
347,XcKeyTable,function,12,function,mapped,XcKeyTable,unknown,unknown,yes,unknown,unknown,
348,XcBlockCrypt,function,20,function,mapped,XcBlockCrypt,unknown,unknown,yes,unknown,unknown,
349,XcBlockCryptCBC,function,28,function,mapped,XcBlockCryptCBC,unknown,unknown,yes,unknown,unknown,
350,XcCryptService,function,8,function,mapped,XcCryptService,unknown,unknown,yes,unknown,unknown,
351,XcUpdateCrypto,function,8,function,mapped,XcUpdateCrypto,unknown,unknown,yes,unknown,unknown,
352,RtlRip,function,12,function,mapped,XeRtlRip,unknown,unknown,yes,unknown,unknown,
353,XboxLANKey,data,,data,mapped,XboxLANKey,unknown,unknown,yes,unknown,unknown,
354,XboxAlternateSignatureKeys,data,,data,mapped,XboxAlternateSignatureKeys,unknown,unknown,yes,unknown,unknown,
355,XePublicKeyData,data,,data,mapped,XePublicKeyData,unknown,unknown,yes,unknown,unknown,
356,HalBootSMCVideoMode,data,,data,mapped,HalBootSMCVideoMode,unknown,unknown,yes,unknown,unknown,
357,IdexChannelObject,data,,data,mapped,IdexChannelObject,unknown,unknown,yes,unknown,unknown,
358,HalIsResetOrShutdownPending,function,0,function,mapped,HalIsResetOrShutdownPending,unknown,unknown,yes,unknown,unknown,
359,IoMarkIrpMustComplete,function,4,function,mapped,IoMarkIrpMustComplete,unknown,unknown,yes,unknown,unknown,
360,HalInitiateShutdown,function,0,function,mapped,HalInitiateShutdown,unknown,unknown,yes,unknown,unknown,
361,RtlSnprintf,function,,function,mapped,RtlSnprintf,unknown,unknown,yes,unknown,unknown,
362,RtlSprintf,function,,function,mapped,RtlSprintf,unknown,unknown,yes,unknown,unknown,
363,RtlVsnprintf,function,,function,mapped,RtlVsnprintf,unknown,unknown,yes,unknown,unknown,
364,RtlVsprintf,function,,function,mapped,RtlVsprintf,unknown,unknown,yes,unknown,unknown,
365,HalEnableSecureTrayEject,function,0,function,mapped,HalEnableSecureTrayEject,unknown,unknown,yes,unknown,unknown,
366,HalWriteSMCScratchRegister,function,4,function,mapped,HalWriteSMCScratchRegister,unknown,unknown,yes,unknown,unknown,
367,UnknownAPI367,function,,unknown,missing-export,,unknown,unknown,yes,unknown,unknown,
368,UnknownAPI368,function,,unknown,missing-export,,unknown,unknown,yes,unknown,unknown,
369,UnknownAPI369,function,,unknown,missing-export,,unknown,unknown,yes,unknown,unknown,
370,XProfpControl,function,,unknown,missing-export,,unknown,unknown,yes,unknown,unknown,
371,XProfpGetData,function,,unknown,missing-export,,unknown,unknown,yes,unknown,unknown,
372,IrtClientInitFast,function,,unknown,missing-export,,unknown,unknown,yes,unknown,unknown,
373,IrtSweep,function,,unknown,missing-export,,unknown,unknown,yes,unknown,unknown,
374,MmDbgAllocateMemory,function,8,function,stub,,unknown,unknown,yes,unknown,unknown,
375,MmDbgFreeMemory,function,8,function,stub,,unknown,unknown,yes,unknown,unknown,
376,MmDbgQueryAvailablePages,function,0,function,stub,,unknown,unknown,yes,unknown,unknown,
377,MmDbgReleaseAddress,function,8,function,stub,,unknown,unknown,yes,unknown,unknown,
378,MmDbgWriteCheck,function,8,function,stub,,unknown,unknown,yes,unknown,unknown,
